condition,metric,direction,practical_threshold,replicates,n,reference_mean,condition_mean,raw_delta_mean,raw_delta_median,raw_delta_ci95_low,raw_delta_ci95_high,benefit_mean,benefit_median,benefit_ci95_low,benefit_ci95_high,classification,practical_wins,practical_ties,practical_losses,condition_to_reference_ratio,size_interpretation
dense_no_residual,ncc_after,1,0.005,1,16,0.5333500150591135,0.5156585033982992,-0.017691511660814285,-0.015906453132629395,-0.022421078523620963,-0.013282168237492443,-0.017691511660814285,-0.015906453132629395,-0.022488598292693496,-0.013331246143206956,meaningful_harm,0,0,16,0.9668294531521604,
dense_no_residual,dice_after,1,0.01,1,15,0.5943615802059627,0.5948166580380636,0.0004550778321008993,-0.0050138075274481775,-0.01217162697950586,0.020121343127672428,0.0004550778321008993,-0.0050138075274481775,-0.012000965819798674,0.02000195258674057,inconclusive_or_mixed,1,10,4,1.0007656582243138,
dense_no_residual,dice_label_1,1,0.01,1,12,0.5145807360354756,0.5019921506439817,-0.012588585391493759,-0.012666019452932276,-0.02118435981779159,-0.004317271429114023,-0.012588585391493759,-0.012666019452932276,-0.021180895009300482,-0.004260945822406891,meaningful_harm,1,4,7,0.9755362287976789,
dense_no_residual,dice_label_2,1,0.01,1,13,0.6718905953913041,0.6765683535834606,0.004677758192156344,-0.0012004920049201173,-0.009777020159928767,0.026897829747039786,0.004677758192156344,-0.0012004920049201173,-0.009951275547420192,0.02647177516702826,inconclusive_or_mixed,1,9,3,1.0069620831490165,
dense_no_residual,hd95_after_mm,-1,1.5,1,15,8.476718513762489,8.73610591731092,0.25938740354843265,0.07695167023755367,-0.1691712578887688,0.6438317612490413,-0.25938740354843265,-0.07695167023755367,-0.6455256784815718,0.16168795138346498,practical_equivalence,1,14,0,1.0305999784146778,
dense_no_residual,assd_after_mm,-1,0.5,1,15,2.240134311065376,2.3076231923651744,0.06748888129979788,0.06973660453965747,-0.08095472100909591,0.17554700207523175,-0.06748888129979788,-0.06973660453965747,-0.1736206106601439,0.08008336840621422,practical_equivalence,1,14,0,1.0301271584326128,
dense_no_residual,negative_jacobian_ratio,-1,0.001,1,16,0.0044694899588648695,0.014855212735710666,0.010385722776845796,0.0021833801874890924,0.0016954184480709954,0.02572014176139419,-0.010385722776845796,-0.0021833801874890924,-0.025807822649221632,-0.0017038860827597092,meaningful_harm,0,6,10,3.3236930550087846,
dense_no_residual,below_safe_jacobian_ratio,-1,0.01,1,16,0.17194583779200912,0.25747495144605637,0.08552911365404725,0.06815201044082642,0.056623759213835,0.11852752304403111,-0.08552911365404725,-0.06815201044082642,-0.11882184454007073,-0.0571438200888224,meaningful_harm,0,0,16,1.4974189241934768,
dense_no_residual,minimum_jacobian,1,0.1,1,16,-4.485636368393898,-5.760903581976891,-1.2752672135829926,-0.9198006987571716,-3.122350819595158,0.4730112601071595,-1.2752672135829926,-0.9198006987571716,-3.0951818747445943,0.3962221980094901,inconclusive_or_mixed,3,1,12,1.2843001770202804,
dense_no_residual,mean_displacement_mm,,0.75,1,16,6.854046031832695,6.423297941684723,-0.4307480901479721,-0.8292262554168701,-1.5358944308012723,0.6671930786222217,,,,,,,,,0.9371541877385385,uncertain
dense_no_residual,p95_displacement_mm,,1.5,1,16,17.596948862075806,15.997545778751373,-1.5994030833244324,-3.23382568359375,-5.431286355108023,2.4369897499680504,,,,,,,,,0.9091090679491944,uncertain
gate_0,ncc_after,1,0.005,1,16,0.5333500150591135,0.5131565798074007,-0.0201934352517128,-0.021236002445220947,-0.024564051255583762,-0.015770368929952386,-0.0201934352517128,-0.021236002445220947,-0.024614127445966007,-0.01567622399888933,meaningful_harm,0,0,16,0.9621384931441791,
gate_0,dice_after,1,0.01,1,15,0.5943615802059627,0.5938244762012072,-0.0005371040047556841,-0.0070181512415112834,-0.007405297384671747,0.007975815053437101,-0.0005371040047556841,-0.0070181512415112834,-0.00719656989936998,0.007727766420097779,practical_equivalence,2,10,3,0.9990963345837908,
gate_0,dice_label_1,1,0.01,1,12,0.5145807360354756,0.5115300472393061,-0.003050688796169485,-0.0018612575586451768,-0.009062107901027823,0.002435465008679744,-0.003050688796169485,-0.0018612575586451768,-0.00908505149696137,0.0024196841446121817,practical_equivalence,1,9,2,0.9940715060193018,
gate_0,dice_label_2,1,0.01,1,13,0.6718905953913041,0.6690839475726478,-0.0028066478186562363,-0.006014598540146077,-0.011663309435038592,0.0078917782666292,-0.0028066478186562363,-0.006014598540146077,-0.01195513564662969,0.007743175475101621,inconclusive_or_mixed,2,6,5,0.9958227606727822,
gate_0,hd95_after_mm,-1,1.5,1,15,8.476718513762489,8.650207445868485,0.17348893210599706,0.200961894323342,-0.3117072088617869,0.6823423231523775,-0.17348893210599706,-0.200961894323342,-0.6783611125918032,0.31362195656243613,practical_equivalence,2,12,1,1.0204665203668526,
gate_0,assd_after_mm,-1,0.5,1,15,2.240134311065376,2.249696384685656,0.00956207362028009,0.04954773007357871,-0.11150697159674063,0.10290426459877636,-0.00956207362028009,-0.04954773007357871,-0.10202153622543093,0.11025544733514044,practical_equivalence,1,14,0,1.004268526924054,
gate_0,negative_jacobian_ratio,-1,0.001,1,16,0.0044694899588648695,0.018445987487211823,0.013976497528346954,0.006819457601523027,0.0061409051781993185,0.026362175437316167,-0.013976497528346954,-0.006819457601523027,-0.026294819314716732,-0.0061140092140703935,meaningful_harm,0,0,16,4.127090038680075,
gate_0,below_safe_jacobian_ratio,-1,0.01,1,16,0.17194583779200912,0.2898388793691993,0.11789304157719016,0.10991805791854858,0.09792034301208333,0.14249559404561293,-0.11789304157719016,-0.10991805791854858,-0.14276514966040849,-0.0979263977962546,meaningful_harm,0,0,16,1.6856405661868776,
gate_0,minimum_jacobian,1,0.1,1,16,-4.485636368393898,-6.578568249940872,-2.092931881546974,-1.7919930815696716,-3.6553590621799232,-0.7713111117482185,-2.092931881546974,-1.7919930815696716,-3.626537856273353,-0.7493955871090293,meaningful_harm,2,1,13,1.4665852756799271,
gate_0,mean_displacement_mm,,0.75,1,16,6.854046031832695,8.32051733136177,1.4664712995290756,1.541999340057373,0.7840392913669347,2.119967486336827,,,,,,,,,1.2139570251962486,larger
gate_0,p95_displacement_mm,,1.5,1,16,17.596948862075806,21.400647342205048,3.803698480129242,3.0099172592163086,1.8604907527565957,5.794281873106956,,,,,,,,,1.2161567047754973,larger
gate_025,ncc_after,1,0.005,1,16,0.5333500150591135,0.5221753101795912,-0.011174704879522324,-0.01225954294204712,-0.013654753658920526,-0.008620958868414165,-0.011174704879522324,-0.01225954294204712,-0.013694851472973824,-0.00865888996049762,meaningful_harm,0,3,13,0.9790480836898753,
gate_025,dice_after,1,0.01,1,15,0.5943615802059627,0.5955479649751403,0.001186384769177599,-0.002095635787865535,-0.003962826233986733,0.006796321002881219,0.001186384769177599,-0.002095635787865535,-0.003962108617546054,0.006781395099483282,practical_equivalence,4,10,1,1.0019960657093052,
gate_025,dice_label_1,1,0.01,1,12,0.5145807360354756,0.5128430452139042,-0.0017376908215713642,-0.0007609906565619745,-0.007083506643087041,0.003373489069361851,-0.0017376908215713642,-0.0007609906565619745,-0.00709111057017277,0.0033785228964156077,practical_equivalence,2,8,2,0.9966230939095015,
gate_025,dice_label_2,1,0.01,1,13,0.6718905953913041,0.6735164899481347,0.0016258945568307392,-0.002095635787865535,-0.004372492678699582,0.008213641672225677,0.0016258945568307392,-0.002095635787865535,-0.00445636510917089,0.008251410015862137,practical_equivalence,3,8,2,1.002419879914949,
gate_025,hd95_after_mm,-1,1.5,1,15,8.476718513762489,8.430839019151952,-0.04587949461053634,0.04473909092190098,-0.3286144872204066,0.20955085093700157,0.04587949461053634,-0.04473909092190098,-0.21091731220211116,0.3261690986868707,practical_equivalence,0,15,0,0.9945875878105368,
gate_025,assd_after_mm,-1,0.5,1,15,2.240134311065376,2.2324474393408686,-0.0076868717245075265,0.016595610298191676,-0.0857218321778215,0.054919369988598206,0.0076868717245075265,-0.016595610298191676,-0.05557997369546977,0.08327317666107295,practical_equivalence,0,15,0,0.9965685665870402,
gate_025,negative_jacobian_ratio,-1,0.001,1,16,0.0044694899588648695,0.010324210787075572,0.005854720828210702,0.0010279843118041754,0.0012734928395730094,0.013828544900570705,-0.005854720828210702,-0.0010279843118041754,-0.013806554755410616,-0.00127778564738037,meaningful_harm,0,8,8,2.3099304131108607,
gate_025,below_safe_jacobian_ratio,-1,0.01,1,16,0.17194583779200912,0.24431210849434137,0.07236627070233226,0.06657668948173523,0.05632363217882812,0.0942053305916488,-0.07236627070233226,-0.06657668948173523,-0.09455036589642987,-0.05644877691520379,meaningful_harm,0,0,16,1.420866661453409,
gate_025,minimum_jacobian,1,0.1,1,16,-4.485636368393898,-6.544016569852829,-2.058380201458931,-1.1033914685249329,-3.7419188439846036,-0.5274818368256097,-2.058380201458931,-1.1033914685249329,-3.7212932135909798,-0.5269051449373368,meaningful_harm,5,1,10,1.4588825380412953,
gate_025,mean_displacement_mm,,0.75,1,16,6.854046031832695,7.666213244199753,0.8121672123670578,0.7351770401000977,0.29610736668109894,1.3302347667515277,,,,,,,,,1.118494566361979,larger
gate_025,p95_displacement_mm,,1.5,1,16,17.596948862075806,19.681423723697662,2.0844748616218567,1.3985557556152344,0.6792870029807091,3.55495775938034,,,,,,,,,1.118456607333458,larger
gate_05,ncc_after,1,0.005,1,16,0.5333500150591135,0.5288779214024544,-0.004472093656659126,-0.0048864781856536865,-0.005560565181076527,-0.0033776836469769484,-0.004472093656659126,-0.0048864781856536865,-0.005576765350997448,-0.0033933059312403215,inconclusive_or_mixed,0,9,7,0.9916150866590611,
gate_05,dice_after,1,0.01,1,15,0.5943615802059627,0.5934740128016068,-0.0008875674043559934,-0.0008403539157861295,-0.004998237796571575,0.0032331487273798243,-0.0008875674043559934,-0.0008403539157861295,-0.004934146463859718,0.0033285940152813064,practical_equivalence,1,13,1,0.9985066877908758,
gate_05,dice_label_1,1,0.01,1,12,0.5145807360354756,0.5144802271656955,-0.00010050886978004055,-0.0019827502443497645,-0.0036325569834734757,0.0038994073206268308,-0.00010050886978004055,-0.0019827502443497645,-0.0035999826936296475,0.0038232620400676974,practical_equivalence,1,11,0,0.999804678133592,
gate_05,dice_label_2,1,0.01,1,13,0.6718905953913041,0.6713047841140856,-0.000585811277218492,-0.002122732205881106,-0.005465747956428679,0.004580443193707132,-0.000585811277218492,-0.002122732205881106,-0.005376227643987761,0.004786988726167061,practical_equivalence,2,9,2,0.9991281150811802,
gate_05,hd95_after_mm,-1,1.5,1,15,8.476718513762489,8.46482989007749,-0.011888623684998894,0.0,-0.172324698844018,0.13977958291649736,0.011888623684998894,0.0,-0.14000227295376022,0.1753832165525716,practical_equivalence,0,15,0,0.9985974969363798,
gate_05,assd_after_mm,-1,0.5,1,15,2.240134311065376,2.2546585147348424,0.014524203669466326,0.009563324413923158,-0.02508626653679937,0.05484257177119824,-0.014524203669466326,-0.009563324413923158,-0.05569555103905151,0.023841326841011472,practical_equivalence,0,15,0,1.0064836307348728,
gate_05,negative_jacobian_ratio,-1,0.001,1,16,0.0044694899588648695,0.005070857900136616,0.0006013679412717465,0.00023391726426780224,0.00019342342366144294,0.0011430616351390198,-0.0006013679412717465,-0.00023391726426780224,-0.0011358465616467584,-0.00019284967129351574,inconclusive_or_mixed,0,14,2,1.1345495675807442,
gate_05,below_safe_jacobian_ratio,-1,0.01,1,16,0.17194583779200912,0.20644845394417644,0.03450261615216732,0.028546899557113647,0.023017150338273496,0.05211572434054687,-0.03450261615216732,-0.028546899557113647,-0.05169705933658406,-0.02304022440221161,meaningful_harm,0,0,16,1.2006597926138969,
gate_05,minimum_jacobian,1,0.1,1,16,-4.485636368393898,-5.000462502241135,-0.5148261338472366,-0.19660884141921997,-1.9103887259960173,0.8590816609561441,-0.5148261338472366,-0.19660884141921997,-1.948443202674389,0.8423502236604684,inconclusive_or_mixed,6,1,9,1.1147721508312036,
gate_05,mean_displacement_mm,,0.75,1,16,6.854046031832695,7.181346192955971,0.32730016112327576,0.14565658569335938,-0.006302868947386735,0.6635594580322504,,,,,,,,,1.0477528396516707,uncertain
gate_05,p95_displacement_mm,,1.5,1,16,17.596948862075806,18.371503829956055,0.774554967880249,0.3119325637817383,-0.0997986868023872,1.6606513574719428,,,,,,,,,1.044016435687299,uncertain
gate_075,ncc_after,1,0.005,1,16,0.5333500150591135,0.5326750949025154,-0.0006749201565980911,-0.0007263422012329102,-0.0010407992638647556,-0.00030363858677446843,-0.0006749201565980911,-0.0007263422012329102,-0.0010415599681437016,-0.000312483124434948,practical_equivalence,0,16,0,0.9987345642869753,
gate_075,dice_after,1,0.01,1,15,0.5943615802059627,0.5925308699181481,-0.001830710287814639,0.0019110449611415836,-0.009789538466694938,0.003446577806651193,-0.001830710287814639,0.0019110449611415836,-0.009906543242458288,0.0034650392329797653,practical_equivalence,0,13,2,0.9969198710872592,
gate_075,dice_label_1,1,0.01,1,12,0.5145807360354756,0.5159861303352348,0.0014053942997592002,2.6389649918686503e-05,-0.0003033149564593684,0.003446843284990751,0.0014053942997592002,2.6389649918686503e-05,-0.00028374994845684515,0.0034479409705799307,practical_equivalence,0,12,0,1.0027311444081386,
gate_075,dice_label_2,1,0.01,1,13,0.6718905953913041,0.6708944844787204,-0.000996110912583642,0.0032861036354751016,-0.010451991230121088,0.005309996871821081,-0.000996110912583642,0.0032861036354751016,-0.010204660970299867,0.005400672064898474,inconclusive_or_mixed,2,9,2,0.9985174507287103,
gate_075,hd95_after_mm,-1,1.5,1,15,8.476718513762489,8.464276859439455,-0.01244165432303479,0.0,-0.1589619445994802,0.1445569824095527,0.01244165432303479,0.0,-0.1396815315461045,0.1681415822042445,practical_equivalence,0,15,0,0.9985322558130444,
gate_075,assd_after_mm,-1,0.5,1,15,2.240134311065376,2.2585615900660687,0.018427279000692305,-0.0017949166977078157,-0.01964092476682681,0.07065722760951569,-0.018427279000692305,0.0017949166977078157,-0.07133755882287814,0.01961239308071699,practical_equivalence,0,15,0,1.008225970607954,
gate_075,negative_jacobian_ratio,-1,0.001,1,16,0.0044694899588648695,0.004485587989620399,1.609803075552918e-05,2.1972518879920244e-05,-2.7675582987285453e-05,5.4550143249798563e-05,-1.609803075552918e-05,-2.1972518879920244e-05,-5.4683715097780806e-05,2.7009042059944464e-05,practical_equivalence,0,16,0,1.0036017601345317,
gate_075,below_safe_jacobian_ratio,-1,0.01,1,16,0.17194583779200912,0.18040086375549436,0.008455025963485241,0.0028677359223365784,0.0025179468910209836,0.01858543958514929,-0.008455025963485241,-0.0028677359223365784,-0.01866011134115979,-0.0025345022324472677,inconclusive_or_mixed,0,14,2,1.0491726119809466,
gate_075,minimum_jacobian,1,0.1,1,16,-4.485636368393898,-4.824762754142284,-0.3391263857483864,0.3688760995864868,-2.0091119572520255,0.8806690275669098,-0.3391263857483864,0.3688760995864868,-2.0074876505881547,0.8838992252945898,inconclusive_or_mixed,9,2,5,1.0756027368018268,
gate_075,mean_displacement_mm,,0.75,1,16,6.854046031832695,6.841032177209854,-0.013013854622840881,-0.1358497142791748,-0.15460144206881524,0.13723238892853254,,,,,,,,,0.998101288704161,uncertain
gate_075,p95_displacement_mm,,1.5,1,16,17.596948862075806,17.527524411678314,-0.06942445039749146,-0.3614044189453125,-0.47811138555407523,0.35935801938176154,,,,,,,,,0.9960547450048507,uncertain
gate_1,ncc_after,1,0.005,1,16,0.5333500150591135,0.5325127579271793,-0.000837257131934166,-0.00027751922607421875,-0.001648579677566886,-0.00021475204266607835,-0.000837257131934166,-0.00027751922607421875,-0.0016498527955263853,-0.00021851407364010817,practical_equivalence,0,15,1,0.998430191978449,
gate_1,dice_after,1,0.01,1,15,0.5943615802059627,0.5831603851633695,-0.011201195042593204,-0.00010562918318401948,-0.031341066588082556,0.001347765108372766,-0.011201195042593204,-0.00010562918318401948,-0.03071129797157758,0.0014284035436374614,inconclusive_or_mixed,1,12,2,0.9811542410956111,
gate_1,dice_label_1,1,0.01,1,12,0.5145807360354756,0.5154840776154552,0.0009033415799795889,0.0006194210920361376,-0.0012552663597549653,0.0032404458137663345,0.0009033415799795889,0.0006194210920361376,-0.001253365825550477,0.0031961251227629714,practical_equivalence,0,12,0,1.0017554904735442,
gate_1,dice_label_2,1,0.01,1,13,0.6718905953913041,0.6589944931456218,-0.01289610224568243,-0.00034368287459451974,-0.034820954645269665,0.0018195535269373091,-0.01289610224568243,-0.00034368287459451974,-0.035013305447121286,0.0017701490507985463,inconclusive_or_mixed,1,10,2,0.9808062468292598,
gate_1,hd95_after_mm,-1,1.5,1,15,8.476718513762489,8.739778331160293,0.263059817397805,0.0,-0.018357028905668038,0.6301898874454286,-0.263059817397805,0.0,-0.6240712522637123,0.020023453101962903,practical_equivalence,0,13,2,1.0310332137336766,
gate_1,assd_after_mm,-1,0.5,1,15,2.240134311065376,2.34342825415765,0.10329394309227397,-0.0006955602000470185,-0.018024938384350406,0.28693656030937753,-0.10329394309227397,0.0006955602000470185,-0.28655698192768886,0.01789066663692025,practical_equivalence,0,13,2,1.0461106026464766,
gate_1,negative_jacobian_ratio,-1,0.001,1,16,0.0044694899588648695,0.004446945120434975,-2.25448384298943e-05,-9.765615686774254e-06,-6.994345221755793e-05,1.565991569805191e-05,2.25448384298943e-05,9.765615686774254e-06,-1.5087164319993462e-05,7.030487904557958e-05,practical_equivalence,0,16,0,0.9949558364293495,
gate_1,below_safe_jacobian_ratio,-1,0.01,1,16,0.17194583779200912,0.17045798944309354,-0.001487848348915577,-0.0005509927868843079,-0.0026947222067974508,-0.000551333511248231,0.001487848348915577,0.0005509927868843079,0.0005509125767275691,0.002728774782735853,practical_equivalence,0,16,0,0.9913469940998786,
gate_1,minimum_jacobian,1,0.1,1,16,-4.485636368393898,-3.6235345527529716,0.8621018156409264,0.4317866563796997,0.21600599773228168,1.5755138373002409,0.8621018156409264,0.4317866563796997,0.21640570387244226,1.5641055699437854,meaningful_benefit,10,2,4,0.8078083587614558,
gate_1,mean_displacement_mm,,0.75,1,16,6.854046031832695,6.774667248129845,-0.07937878370285034,-0.037804603576660156,-0.14115041680634022,-0.03588466234505177,,,,,,,,,0.9884186970244748,smaller
gate_1,p95_displacement_mm,,1.5,1,16,17.596948862075806,17.451433211565018,-0.14551565051078796,-0.09399533271789551,-0.22554139494895936,-0.08239215388894082,,,,,,,,,0.9917306317333002,smaller
gaussian_no_residual,ncc_after,1,0.005,1,16,0.5333500150591135,0.5251249019056559,-0.008225113153457642,-0.0033983439207077026,-0.01383954230695963,-0.0034432002808898695,-0.008225113153457642,-0.0033983439207077026,-0.013832912174984812,-0.0033919926267117293,meaningful_harm,0,9,7,0.984578395197859,
gaussian_no_residual,dice_after,1,0.01,1,15,0.5943615802059627,0.5685819579443784,-0.02577962226158431,-0.0036928049306015343,-0.05345857853964493,-0.0062438544400415,-0.02577962226158431,-0.0036928049306015343,-0.053846676467511366,-0.006055718196328152,meaningful_harm,0,9,6,0.9566263649601123,
gaussian_no_residual,dice_label_1,1,0.01,1,12,0.5145807360354756,0.507024160575343,-0.007556575460132404,-0.002462173002515694,-0.015172375396244183,-0.0015295913384163068,-0.007556575460132404,-0.002462173002515694,-0.014602609365406987,-0.0015151968172530783,inconclusive_or_mixed,0,8,4,0.9853150828801885,
gaussian_no_residual,dice_label_2,1,0.01,1,13,0.6718905953913041,0.6435554665827051,-0.02833512880859903,-0.00539184635969403,-0.0615143410653098,-0.0020582088899616293,-0.02833512880859903,-0.00539184635969403,-0.06201691608067971,-0.00239536289155925,meaningful_harm,2,6,5,0.9578277639202603,
gaussian_no_residual,hd95_after_mm,-1,1.5,1,15,8.476718513762489,9.467775082923039,0.9910565691605512,0.23837793389683704,0.18054789121407452,2.1900748080065298,-0.9910565691605512,-0.23837793389683704,-2.201989874408144,-0.18735280876998467,inconclusive_or_mixed,0,12,3,1.1169151208160926,
gaussian_no_residual,assd_after_mm,-1,0.5,1,15,2.240134311065376,2.611281505660903,0.37114719459552636,0.05865888905475369,0.07852463096620615,0.8080445261015639,-0.37114719459552636,-0.05865888905475369,-0.7999245262750144,-0.0773910250470965,inconclusive_or_mixed,0,13,2,1.1656807776043636,
gaussian_no_residual,negative_jacobian_ratio,-1,0.001,1,16,0.0044694899588648695,0.0039884566322143655,-0.000481033326650504,-0.00047378509771078825,-0.0008430963847786188,-0.0001081404920114438,0.000481033326650504,0.00047378509771078825,0.00011010645284841303,0.0008383590156881837,practical_equivalence,4,11,1,0.8923739999244402,
gaussian_no_residual,below_safe_jacobian_ratio,-1,0.01,1,16,0.17194583779200912,0.14013459836132824,-0.03181123943068087,-0.03344055265188217,-0.04483678955584764,-0.01915511764818804,0.03181123943068087,0.03344055265188217,0.019335958949523047,0.044661860208725555,meaningful_benefit,11,4,1,0.8149926753728072,
gaussian_no_residual,minimum_jacobian,1,0.1,1,16,-4.485636368393898,-3.931797217577696,0.5538391508162022,0.35939693450927734,-0.5069112744182348,1.6397562946192914,0.5538391508162022,0.35939693450927734,-0.520004497282207,1.6708822712302207,inconclusive_or_mixed,10,0,6,0.8765305287074558,
gaussian_no_residual,mean_displacement_mm,,0.75,1,16,6.854046031832695,3.1521009355783463,-3.7019450962543488,-4.388133883476257,-4.519408337213099,-2.836890166066587,,,,,,,,,0.4598890817101078,smaller
gaussian_no_residual,p95_displacement_mm,,1.5,1,16,17.596948862075806,7.579611003398895,-10.01733785867691,-11.94499135017395,-12.226714066416026,-7.652933700382712,,,,,,,,,0.43073438826285104,smaller
gaussian_roll,ncc_after,1,0.005,5,16,0.5333500150591135,0.5273801360279322,-0.005969879031181319,-0.0045229136943816806,-0.009169932864606366,-0.0034529485087841554,-0.005969879031181319,-0.0045229136943816806,-0.009153906414285293,-0.0034303351305425027,meaningful_harm,0,9,7,0.9888068269192425,
gaussian_roll,dice_after,1,0.01,5,15,0.5943615802059627,0.5800029631385956,-0.014358617067367185,-0.010893169622842702,-0.021541643115786293,-0.007339990888056138,-0.014358617067367185,-0.010893169622842702,-0.021405888543184867,-0.007268894787460953,meaningful_harm,0,7,8,0.9758419495042201,
gaussian_roll,dice_label_1,1,0.01,5,12,0.5145807360354756,0.497251906476591,-0.017328829558884564,-0.01332647840138071,-0.028937120982798024,-0.006926796127679302,-0.017328829558884564,-0.01332647840138071,-0.02924563830675235,-0.0068699254927442645,meaningful_harm,0,5,7,0.9663243717742089,
gaussian_roll,dice_label_2,1,0.01,5,13,0.6718905953913041,0.6628407696905688,-0.009049825700735327,-0.0031507047965423363,-0.017354614003220796,-0.0017227657478605285,-0.009049825700735327,-0.0031507047965423363,-0.017197401308099696,-0.0016644430912022817,inconclusive_or_mixed,1,9,3,0.986530804623832,
gaussian_roll,hd95_after_mm,-1,1.5,5,15,8.476718513762489,8.912313034852245,0.4355945210897568,0.28689608271806044,0.19812245548971522,0.7049331940860974,-0.4355945210897568,-0.28689608271806044,-0.7082974457436952,-0.19698365566118345,practical_equivalence,0,15,0,1.0513871636037626,
gaussian_roll,assd_after_mm,-1,0.5,5,15,2.240134311065376,2.3928007646022063,0.15266645353683017,0.09495298299293342,0.07744565915232175,0.23683154206724144,-0.15266645353683017,-0.09495298299293342,-0.23925431636860522,-0.07832777069948137,practical_equivalence,0,14,1,1.0681505804284674,
gaussian_roll,negative_jacobian_ratio,-1,0.001,5,16,0.0044694899588648695,0.00450716772247688,3.767776361200964e-05,-0.00022503659129142735,-0.0003274099585541989,0.0006417131615307879,-3.767776361200964e-05,0.00022503659129142735,-0.0006348377039103072,0.00033241241540963516,practical_equivalence,0,15,1,1.0084299917795496,
gaussian_roll,below_safe_jacobian_ratio,-1,0.01,5,16,0.17194583779200912,0.1715811278671026,-0.0003647099249064912,-0.002919737994670865,-0.010838568459730594,0.013068377142772073,0.0003647099249064912,0.002919737994670865,-0.013000424669589847,0.010720966290682551,inconclusive_or_mixed,2,13,1,0.9978789255407993,
gaussian_roll,minimum_jacobian,1,0.1,5,16,-4.485636368393898,-4.085956377536059,0.3996799908578395,0.4165174663066864,-0.8471622165292503,1.4510326294042168,0.3996799908578395,0.4165174663066864,-0.8626600131206216,1.459907069522887,inconclusive_or_mixed,11,0,5,0.9108978173812724,
gaussian_roll,mean_displacement_mm,,0.75,5,16,6.854046031832695,6.271383875608444,-0.5826621562242509,-0.6176847457885741,-0.7807912646979094,-0.3955140275508165,,,,,,,,,0.914990043323585,smaller
gaussian_roll,p95_displacement_mm,,1.5,5,16,17.596948862075806,14.15533368587494,-3.441615176200867,-3.4694150924682603,-4.519139064848423,-2.4411974969506267,,,,,,,,,0.8044197773616261,smaller
gaussian_zero,ncc_after,1,0.005,1,16,0.5333500150591135,0.5336071476340294,0.0002571325749158859,0.00027962028980255127,-0.000651099719107151,0.0011978551279753444,0.0002571325749158859,0.00027962028980255127,-0.0006635273341089488,0.0012131412513554092,practical_equivalence,1,15,0,1.0004821084984639,
gaussian_zero,dice_after,1,0.01,1,15,0.5943615802059627,0.5942711580680456,-9.042213791700855e-05,0.000636897175066542,-0.0026802990983642977,0.002318980316107415,-9.042213791700855e-05,0.000636897175066542,-0.002673042588844136,0.002332944051903576,practical_equivalence,1,13,1,0.999847866785256,
gaussian_zero,dice_label_1,1,0.01,1,12,0.5145807360354756,0.5158644417110391,0.0012837056755635329,0.000641845910500205,-0.0008754350800909041,0.004157690672305859,0.0012837056755635329,0.000641845910500205,-0.0009229882435650617,0.004089682161195608,practical_equivalence,1,11,0,1.0024946632970633,
gaussian_zero,dice_label_2,1,0.01,1,13,0.6718905953913041,0.6721229362550498,0.00023234086374574343,0.0005560393484921322,-0.0028723306190876247,0.003089992455957116,0.00023234086374574343,0.0005560393484921322,-0.0029283503752595983,0.0031106970772519027,practical_equivalence,0,12,1,1.0003458016310087,
gaussian_zero,hd95_after_mm,-1,1.5,1,15,8.476718513762489,8.502065782973627,0.02534726921113884,0.0,-0.07194143991612002,0.12196308636206532,-0.02534726921113884,0.0,-0.12345117204532481,0.07071290014644847,practical_equivalence,0,15,0,1.0029902218847997,
gaussian_zero,assd_after_mm,-1,0.5,1,15,2.240134311065376,2.2452673970726953,0.0051330860073192765,-0.001632714155181736,-0.013173469085350135,0.02633900999700551,-0.0051330860073192765,0.001632714155181736,-0.026704152881570593,0.013016323969864524,practical_equivalence,0,15,0,1.002291418859112,
gaussian_zero,negative_jacobian_ratio,-1,0.001,1,16,0.0044694899588648695,0.004362506777397357,-0.00010698318146751262,-0.0002120973076671362,-0.0003427739401558938,0.00018828387901521622,0.00010698318146751262,0.0002120973076671362,-0.00017477314240750276,0.0003403902139325509,practical_equivalence,1,14,1,0.9760636711454469,
gaussian_zero,below_safe_jacobian_ratio,-1,0.01,1,16,0.17194583779200912,0.16037898510694504,-0.011566852685064077,-0.010196998715400696,-0.021321086364332588,-0.0035918649635277703,0.011566852685064077,0.010196998715400696,0.0037926730350591243,0.02123249208088964,meaningful_benefit,9,6,1,0.9327296732878426,
gaussian_zero,minimum_jacobian,1,0.1,1,16,-4.485636368393898,-3.8479656279087067,0.6376707404851913,0.39646559953689575,-0.06242440473288297,1.3467659855261445,0.6376707404851913,0.39646559953689575,-0.057653052918612946,1.354458965361118,inconclusive_or_mixed,10,1,5,0.8578416331340937,
gaussian_zero,mean_displacement_mm,,0.75,1,16,6.854046031832695,5.503122225403786,-1.3509238064289093,-1.3276381492614746,-1.9403326746076346,-0.8742978751659394,,,,,,,,,0.8029012644276496,smaller
gaussian_zero,p95_displacement_mm,,1.5,1,16,17.596948862075806,13.175357967615128,-4.421590894460678,-4.207397937774658,-6.53542073816061,-2.8026316024363047,,,,,,,,,0.7487296843835296,smaller
